content_id,genre,runtime,release_year,maturity_rating
c00000,documentary,1519,1981,PG
c00001,sci-fi,1598,2003,G
c00002,thriller,3114,2017,G
c00003,sci-fi,1304,2007,R
c00004,comedy,1895,2007,G
c00005,sci-fi,1529,2024,R
c00006,documentary,1859,2018,G
c00007,sci-fi,3846,1981,R
c00008,drama,2020,1984,PG
c00009,sci-fi,3172,1990,PG-13
c00010,documentary,3888,1989,PG-13
c00011,drama,2993,2022,PG-13
c00012,thriller,3561,1981,PG
c00013,drama,1661,1994,PG-13
c00014,comedy,2807,2018,G
c00015,drama,3733,2020,R
c00016,thriller,2875,2016,PG
c00017,sci-fi,3657,1986,PG-13
c00018,drama,3274,1999,G
c00019,drama,1470,2013,G
c00020,drama,3933,2014,PG
c00021,drama,3748,2013,PG
c00022,thriller,1584,2001,PG-13
c00023,documentary,1259,2010,R
c00024,documentary,2330,2002,PG-13
c00025,drama,1419,1998,PG-13
c00026,thriller,2664,1983,PG
c00027,thriller,4018,2003,PG-13
c00028,drama,3106,1999,PG-13
c00029,comedy,3811,2018,R
c00030,drama,2795,2007,G
c00031,comedy,3793,2018,G
c00032,drama,1295,1996,R
c00033,comedy,2188,1998,G
c00034,comedy,2312,2014,PG-13
c00035,drama,4075,2011,R
c00036,comedy,3145,2018,R
c00037,sci-fi,3478,2014,PG
c00038,documentary,2167,2009,G
c00039,thriller,3522,1996,PG
c00040,comedy,1445,2021,PG-13
c00041,comedy,3358,2008,R
c00042,thriller,1433,1985,PG-13
c00043,comedy,3664,1996,G
c00044,thriller,3925,1996,PG
c00045,drama,2351,1993,G
c00046,sci-fi,2460,2003,PG-13
c00047,sci-fi,2002,2016,PG
c00048,documentary,3866,2019,G
c00049,comedy,3954,2018,PG-13
c00050,documentary,4098,2011,G
c00051,drama,2617,2015,R
c00052,sci-fi,3722,2016,PG
c00053,drama,1854,1993,PG
c00054,drama,3642,2006,PG
c00055,comedy,1310,1998,R
c00056,drama,1289,2010,PG
c00057,sci-fi,1962,1988,R
c00058,documentary,2503,2017,PG
c00059,sci-fi,2556,1996,G
c00060,comedy,3379,1998,G
c00061,sci-fi,2236,2023,G
c00062,thriller,3704,1983,G
c00063,documentary,2664,1990,R
c00064,thriller,1297,2001,PG-13
c00065,thriller,2343,1983,PG-13
c00066,comedy,1492,1996,G
c00067,drama,3039,1987,PG-13
c00068,thriller,2934,2013,PG-13
c00069,sci-fi,2224,1990,PG
c00070,drama,3819,2010,R
c00071,sci-fi,3497,1990,G
c00072,sci-fi,1851,2017,PG-13
c00073,drama,3396,2000,PG-13
c00074,drama,3291,2009,G
c00075,sci-fi,3106,1989,PG
c00076,comedy,2921,2005,G
c00077,documentary,2267,2006,PG
c00078,documentary,3409,1987,PG-13
c00079,comedy,3016,2018,R
c00080,drama,1452,1987,PG
c00081,sci-fi,1331,1987,PG
c00082,documentary,3107,2013,G
c00083,sci-fi,3110,1995,PG-13
c00084,comedy,3721,2020,R
c00085,sci-fi,2879,1992,G
c00086,comedy,2332,2002,G
c00087,drama,3953,1991,R
c00088,comedy,2258,2006,PG-13
c00089,comedy,3125,2001,R
c00090,documentary,3522,2011,G
c00091,sci-fi,1386,2006,G
c00092,documentary,2148,1981,PG
c00093,thriller,3490,2024,R
c00094,comedy,1463,2012,R
c00095,thriller,3197,2005,R
c00096,documentary,1721,2007,G
c00097,sci-fi,2764,1998,PG-13
c00098,documentary,1982,2022,G
c00099,sci-fi,1734,1984,PG
c00100,sci-fi,1409,2012,G
c00101,drama,3293,1999,G
c00102,comedy,2763,2009,G
c00103,documentary,1225,2024,PG
c00104,sci-fi,1374,1987,R
c00105,documentary,2739,2017,PG-13
c00106,documentary,2534,1996,PG-13
c00107,sci-fi,1521,2023,PG
c00108,thriller,2802,1980,R
c00109,comedy,2358,1982,R
c00110,comedy,1254,2005,PG
c00111,drama,2766,2010,G
c00112,drama,2809,1987,R
c00113,drama,3072,2022,PG-13
c00114,comedy,3915,1987,PG
c00115,thriller,3394,2014,PG-13
c00116,comedy,2708,2018,G
c00117,comedy,3846,2007,PG
c00118,comedy,3267,1983,PG-13
c00119,comedy,1532,1995,PG-13
c00120,thriller,2778,1992,G
c00121,drama,2106,1999,PG
c00122,documentary,4191,1984,R
c00123,drama,2110,2016,R
c00124,drama,1600,1999,PG-13
c00125,documentary,2149,2003,G
c00126,comedy,2529,2015,PG-13
c00127,thriller,3275,2013,G
c00128,thriller,3714,2024,R
c00129,drama,3110,2013,PG-13
c00130,documentary,1300,1998,PG-13
c00131,sci-fi,1750,1996,G
c00132,comedy,4049,1984,PG
c00133,drama,3600,2004,G
c00134,thriller,2905,1997,PG
c00135,documentary,3543,1987,R
c00136,documentary,1552,2006,PG-13
c00137,drama,4155,1994,PG-13
c00138,sci-fi,2218,2024,G
c00139,thriller,2379,1992,G
c00140,drama,2297,1995,R
c00141,sci-fi,3702,2001,R
c00142,documentary,3959,1999,PG
c00143,comedy,2179,1992,R
c00144,thriller,2555,1999,R
c00145,thriller,1938,1981,R
c00146,sci-fi,2176,2014,R
c00147,drama,2571,1998,PG
c00148,documentary,3480,2024,R
c00149,sci-fi,3001,2016,PG
c00150,comedy,3349,1985,G
c00151,comedy,2152,1993,PG-13
c00152,comedy,1680,1983,G
c00153,sci-fi,2437,2001,R
c00154,documentary,1307,2018,PG-13
c00155,thriller,2172,2015,R
c00156,drama,2826,2013,R
c00157,thriller,1903,2006,G
c00158,documentary,3582,1986,R
c00159,thriller,3333,1982,G
c00160,sci-fi,3981,2012,R
c00161,comedy,2074,1981,PG
c00162,documentary,2647,2021,PG-13
c00163,documentary,3611,1995,G
c00164,thriller,3307,2004,G
c00165,sci-fi,2473,1994,PG-13
c00166,thriller,1759,2003,G
c00167,thriller,1316,1994,PG-13
c00168,documentary,2073,2010,PG
c00169,thriller,4162,1993,R
c00170,comedy,2167,1993,PG
c00171,thriller,2768,1985,R
c00172,comedy,1243,1993,PG-13
c00173,documentary,1708,1996,PG
c00174,sci-fi,3211,1997,R
c00175,comedy,2388,1999,PG-13
c00176,sci-fi,2515,1996,R
c00177,sci-fi,2048,1995,G
c00178,comedy,3079,2019,G
c00179,documentary,2116,2018,PG-13
c00180,drama,4145,2011,R
c00181,sci-fi,1998,2023,G
c00182,sci-fi,2075,1988,PG
c00183,documentary,2960,2006,R
c00184,documentary,3533,2012,R
c00185,thriller,3931,1989,G
c00186,documentary,2018,1996,G
c00187,sci-fi,3368,2015,PG-13
c00188,comedy,2144,1996,R
c00189,drama,2106,1997,PG
c00190,thriller,1212,2002,G
c00191,comedy,1802,2013,R
c00192,drama,1399,1987,G
c00193,drama,3833,1992,PG-13
c00194,drama,2991,2002,R
c00195,comedy,1647,1999,R
c00196,thriller,3011,2001,PG-13
c00197,thriller,2040,2002,PG
c00198,drama,1789,2020,G
c00199,comedy,2353,2014,PG-13
c00200,drama,4136,1982,R
c00201,documentary,3290,2013,PG-13
c00202,thriller,1719,2012,R
c00203,sci-fi,2236,1996,PG-13
c00204,drama,1924,2024,PG
c00205,documentary,3870,1998,R
c00206,thriller,2187,2009,PG-13
c00207,comedy,2002,2002,PG
c00208,thriller,3782,1994,PG
c00209,comedy,3549,1993,G
c00210,comedy,1726,1981,R
c00211,drama,2865,2018,G
c00212,drama,2338,1997,PG
c00213,thriller,1659,1985,G
c00214,documentary,4079,2011,G
c00215,thriller,3752,2000,PG-13
c00216,sci-fi,2131,2019,G
c00217,comedy,3186,2007,PG
c00218,comedy,1524,2006,G
c00219,drama,1778,1981,R
c00220,documentary,4008,2012,PG-13
c00221,drama,4098,1995,PG
c00222,sci-fi,2737,2018,G
c00223,thriller,3749,2001,R
c00224,thriller,3200,2022,PG
c00225,documentary,3581,1992,G
c00226,drama,3531,1981,PG-13
c00227,drama,1674,1993,G
c00228,sci-fi,2277,2017,PG
c00229,thriller,2681,2020,PG
c00230,drama,2802,2007,PG
c00231,documentary,2643,1986,R
c00232,thriller,1831,1997,G
c00233,sci-fi,1902,2020,G
c00234,documentary,3656,2015,G
c00235,comedy,2181,2020,PG-13
c00236,sci-fi,2527,2015,R
c00237,documentary,3158,2023,R
c00238,drama,1758,1983,PG-13
c00239,comedy,1421,2009,R
c00240,sci-fi,2756,2003,PG-13
c00241,drama,3405,1999,PG
c00242,comedy,1547,2010,PG
c00243,thriller,2382,2003,R
c00244,drama,2088,1986,PG
c00245,documentary,2121,2005,PG
c00246,sci-fi,2458,1992,PG
c00247,comedy,3909,1987,G
c00248,drama,1604,1984,PG
c00249,thriller,2480,2023,G
c00250,sci-fi,1876,1992,PG-13
c00251,sci-fi,1788,2008,PG-13
c00252,drama,2820,1999,PG-13
c00253,thriller,3805,1993,PG-13
c00254,comedy,4152,2011,PG-13
c00255,drama,3726,2006,PG
c00256,comedy,3734,2004,PG
c00257,sci-fi,2794,1983,PG
c00258,comedy,1765,2000,PG-13
c00259,thriller,3771,1997,PG-13
c00260,documentary,1903,2018,G
c00261,thriller,4068,1994,R
c00262,comedy,2057,2017,PG
c00263,drama,2484,2003,R
c00264,sci-fi,1784,1987,PG-13
c00265,documentary,3933,2007,PG-13
c00266,drama,1431,2000,PG-13
c00267,drama,3517,1995,R
c00268,thriller,4187,1995,G
c00269,comedy,4121,2014,PG-13
c00270,thriller,2445,1996,G
c00271,comedy,1251,1988,G
c00272,thriller,3363,2014,PG
c00273,drama,1737,2008,R
c00274,sci-fi,1740,2018,PG-13
c00275,comedy,2242,1997,G
c00276,documentary,2014,1991,R
c00277,documentary,2615,1998,R
c00278,drama,4038,2001,PG-13
c00279,thriller,2852,1994,PG
c00280,thriller,3865,1980,PG
c00281,drama,1618,1981,G
c00282,documentary,3556,1987,PG
c00283,documentary,2063,2001,PG
c00284,thriller,1385,2004,PG
c00285,comedy,1460,1981,R
c00286,sci-fi,2751,1988,PG-13
c00287,comedy,2496,1988,R
c00288,documentary,3407,1992,R
c00289,comedy,4117,1985,PG-13
c00290,sci-fi,1961,2009,R
c00291,comedy,1423,1994,G
c00292,comedy,2479,1994,G
c00293,comedy,1379,1986,R
c00294,comedy,3267,1990,PG
c00295,drama,2847,2019,R
c00296,documentary,1831,2017,PG
c00297,sci-fi,2736,2019,R
c00298,documentary,3305,1981,G
c00299,drama,3970,2018,PG
c00300,drama,3163,1989,G
c00301,drama,1814,2023,R
c00302,drama,1761,1996,PG-13
c00303,comedy,3621,1986,PG
c00304,documentary,1821,2019,PG
c00305,thriller,3335,2018,R
c00306,sci-fi,2213,1983,R
c00307,drama,3261,2014,PG
c00308,documentary,3380,2015,PG-13
c00309,drama,3160,2010,R
c00310,drama,2257,2004,R
c00311,drama,4139,2020,R
c00312,drama,1791,1992,PG-13
c00313,drama,1782,1997,PG
c00314,sci-fi,2813,2000,G
c00315,documentary,2301,1980,R
c00316,drama,1488,2015,PG-13
c00317,drama,2768,1987,PG
c00318,drama,4126,2000,PG
c00319,drama,2643,2022,PG-13
c00320,comedy,1206,2000,R
c00321,comedy,2383,2006,G
c00322,thriller,1439,1998,R
c00323,drama,3186,2002,PG
c00324,thriller,2646,2022,G
c00325,sci-fi,3783,2014,R
c00326,thriller,2949,2019,G
c00327,documentary,3317,2021,PG-13
c00328,comedy,3103,1984,R
c00329,comedy,3463,2020,PG
c00330,drama,2277,1987,PG
c00331,drama,4053,1990,G
c00332,sci-fi,3577,1995,PG-13
c00333,sci-fi,2047,2018,R
c00334,documentary,2511,2003,PG-13
c00335,drama,3292,2000,PG-13
c00336,drama,4076,2002,G
c00337,sci-fi,3445,2017,G
c00338,sci-fi,2439,1987,R
c00339,sci-fi,2704,1986,PG
c00340,comedy,2532,1981,R
c00341,thriller,4143,2009,PG-13
c00342,thriller,3579,1992,G
c00343,drama,1895,2002,PG-13
c00344,comedy,1226,2008,G
c00345,sci-fi,3565,2017,PG
c00346,drama,3612,2016,PG-13
c00347,comedy,2159,1999,G
c00348,documentary,2726,2012,R
c00349,comedy,3068,2008,R
c00350,drama,1572,1994,R
c00351,thriller,3149,2002,PG-13
c00352,sci-fi,1444,2021,G
c00353,documentary,3040,1982,G
c00354,comedy,2876,2016,G
c00355,drama,3725,2008,PG-13
c00356,drama,1324,2024,G
c00357,sci-fi,1736,1987,PG
c00358,drama,3953,2001,PG-13
c00359,drama,3119,2008,PG
c00360,sci-fi,2835,1981,PG
c00361,documentary,2625,2020,R
c00362,thriller,2740,2024,PG-13
c00363,thriller,1730,1980,G
c00364,comedy,4033,2023,PG
c00365,documentary,1453,1999,PG-13
c00366,comedy,3368,2000,G
c00367,thriller,1860,2016,R
c00368,sci-fi,3001,1987,PG-13
c00369,drama,2260,2006,PG-13
c00370,thriller,2565,2014,PG-13
c00371,documentary,2236,1985,G
c00372,thriller,2406,2024,PG
c00373,documentary,3335,2023,PG
c00374,documentary,3293,1998,PG-13
c00375,documentary,2342,1997,PG-13
c00376,comedy,4180,1980,G
c00377,sci-fi,2754,2004,R
c00378,thriller,2955,2006,PG-13
c00379,sci-fi,3165,1986,PG-13
c00380,drama,1944,2023,R
c00381,thriller,2829,2021,PG-13
c00382,sci-fi,2166,2008,PG
c00383,sci-fi,1962,2010,PG-13
c00384,drama,4009,2023,PG
c00385,documentary,1993,2022,G
c00386,thriller,1943,2015,G
c00387,thriller,2269,1998,PG
c00388,drama,2731,1985,PG
c00389,documentary,1757,2004,R
c00390,thriller,3194,2010,PG
c00391,thriller,1725,1988,PG
c00392,thriller,3844,1999,PG-13
c00393,documentary,2039,1989,R
c00394,drama,1202,2016,PG
c00395,thriller,2251,2006,PG
c00396,sci-fi,2604,1992,PG
c00397,documentary,1356,2020,PG-13
c00398,comedy,4102,1981,PG-13
c00399,drama,3137,2000,PG-13
c00400,sci-fi,3154,2012,G
c00401,thriller,1710,2003,PG-13
c00402,comedy,1886,2023,PG
c00403,drama,2337,2021,PG-13
c00404,documentary,2612,2013,PG-13
c00405,comedy,2710,1988,R
c00406,comedy,1770,1981,PG
c00407,sci-fi,1914,2009,PG-13
c00408,drama,2538,2001,G
c00409,sci-fi,3486,1990,R
c00410,sci-fi,3550,2022,PG-13
c00411,thriller,3854,1996,R
c00412,documentary,2190,2015,R
c00413,comedy,1533,1992,G
c00414,drama,3360,1986,G
c00415,documentary,2844,1995,G
c00416,documentary,1561,2012,PG
c00417,drama,3080,2024,R
c00418,documentary,4048,1980,PG-13
c00419,thriller,3344,1990,G
c00420,documentary,3181,1985,G
c00421,thriller,3263,1999,R
c00422,comedy,3803,2014,R
c00423,comedy,3177,2023,R
c00424,sci-fi,1575,2016,PG-13
c00425,thriller,1941,2020,PG
c00426,comedy,1589,2005,PG
c00427,documentary,3867,1991,G
c00428,drama,2440,2009,PG
c00429,drama,2023,2007,PG-13
c00430,thriller,3567,2006,PG
c00431,sci-fi,3443,2021,PG-13
c00432,documentary,1617,1998,G
c00433,thriller,1806,1984,R
c00434,drama,1767,1984,PG-13
c00435,thriller,1743,2020,R
c00436,documentary,3478,2006,G
c00437,comedy,2083,2007,PG-13
c00438,documentary,3768,2005,PG-13
c00439,comedy,1902,2006,PG
c00440,comedy,2423,2021,PG-13
c00441,comedy,4093,2000,G
c00442,thriller,3920,1980,R
c00443,drama,2822,2007,PG-13
c00444,thriller,3268,1994,G
c00445,drama,3835,1996,G
c00446,documentary,4145,2005,PG-13
c00447,sci-fi,2986,1999,PG
c00448,documentary,2819,2004,PG-13
c00449,thriller,2657,1992,PG-13
c00450,thriller,3618,2012,PG
c00451,drama,2783,2004,G
c00452,thriller,3114,1987,PG-13
c00453,comedy,1277,1984,PG
c00454,thriller,2508,1985,R
c00455,drama,1847,2002,R
c00456,drama,3387,2009,PG
c00457,comedy,1752,1993,G
c00458,drama,2197,2002,PG
c00459,sci-fi,1481,1990,G
c00460,documentary,2481,2010,R
c00461,thriller,3046,1985,PG-13
c00462,sci-fi,2583,1990,PG
c00463,thriller,3687,1992,R
c00464,sci-fi,3517,1991,PG-13
c00465,thriller,2357,1981,R
c00466,comedy,3993,2014,PG
c00467,drama,1303,2015,PG
c00468,drama,1965,1996,PG-13
c00469,comedy,3342,2007,PG
c00470,sci-fi,3976,2007,R
c00471,documentary,2796,2001,PG-13
c00472,sci-fi,1679,2017,PG-13
c00473,drama,4027,1986,R
c00474,documentary,3260,1994,G
c00475,thriller,3163,2011,PG-13
c00476,documentary,3848,1990,G
c00477,sci-fi,3342,2003,R
c00478,comedy,3540,1982,R
c00479,thriller,3272,2009,PG-13
c00480,sci-fi,2495,1985,PG
c00481,thriller,2728,1981,PG-13
c00482,documentary,2389,1993,PG
c00483,drama,2138,2020,G
c00484,sci-fi,1961,1997,PG
c00485,comedy,1853,2023,PG-13
c00486,documentary,2869,2010,PG
c00487,sci-fi,3885,1992,R
c00488,comedy,3738,2005,G
c00489,sci-fi,3131,2023,R
c00490,documentary,2326,1991,R
c00491,sci-fi,3125,1997,R
c00492,thriller,1774,1988,R
c00493,documentary,3541,2000,PG
c00494,sci-fi,4143,2019,R
c00495,drama,2529,2022,PG
c00496,sci-fi,2477,2003,R
c00497,thriller,2403,2013,PG-13
c00498,comedy,1239,1987,R
c00499,comedy,4023,2023,PG-13
c00500,comedy,1719,2012,PG
c00501,drama,2839,2002,G
c00502,thriller,3793,1992,PG
c00503,documentary,3483,1993,G
c00504,comedy,1662,1993,G
c00505,thriller,2451,1995,R
c00506,sci-fi,3048,2017,G
c00507,drama,1682,2018,PG
c00508,thriller,3677,2005,R
c00509,thriller,1542,2005,G
c00510,documentary,2396,1980,PG
c00511,thriller,2662,2011,G
c00512,documentary,2402,1994,G
c00513,drama,2821,2000,R
c00514,drama,3380,1997,R
c00515,sci-fi,3598,2009,PG
c00516,documentary,3753,1992,R
c00517,documentary,3331,2003,R
c00518,comedy,2192,2009,PG-13
c00519,comedy,4077,1981,PG-13
c00520,sci-fi,4108,1998,PG
c00521,drama,3590,2023,R
c00522,comedy,4113,2004,PG
c00523,thriller,2389,1993,PG-13
c00524,drama,3540,1985,PG-13
c00525,thriller,2803,1991,PG-13
c00526,documentary,2393,1999,PG
c00527,drama,1797,2002,R
c00528,sci-fi,1844,2009,G
c00529,documentary,1647,2009,R
c00530,documentary,3937,2017,PG
c00531,thriller,4102,2009,PG-13
c00532,documentary,3749,2020,G
c00533,comedy,1963,2009,PG
c00534,drama,1934,2015,PG-13
c00535,comedy,2842,2013,PG
c00536,thriller,3497,1995,G
c00537,thriller,1800,2003,PG-13
c00538,drama,3372,1993,R
c00539,documentary,3360,2005,PG
c00540,sci-fi,2180,1987,G
c00541,thriller,2982,1993,R
c00542,drama,3397,2010,G
c00543,sci-fi,4122,1981,PG
c00544,documentary,3590,1983,G
c00545,thriller,1779,1980,PG-13
c00546,drama,1982,1999,G
c00547,drama,3568,1993,PG
c00548,drama,4069,2019,PG-13
c00549,thriller,1731,2004,G
c00550,sci-fi,2712,2004,G
c00551,drama,3739,1982,PG-13
c00552,documentary,1811,1984,R
c00553,drama,3499,2017,R
c00554,sci-fi,3205,2005,PG-13
c00555,thriller,2300,2019,G
c00556,drama,2870,2017,R
c00557,drama,2615,2017,PG-13
c00558,documentary,2635,1983,PG
c00559,documentary,3420,1986,G
c00560,drama,2074,2009,PG
c00561,drama,3448,2009,G
c00562,documentary,1416,1998,R
c00563,sci-fi,1575,2018,PG
c00564,comedy,2809,2014,PG
c00565,comedy,1210,2019,PG-13
c00566,drama,4139,2012,R
c00567,documentary,2813,2012,R
c00568,thriller,3682,1993,G
c00569,thriller,2017,2017,PG-13
c00570,comedy,2496,1989,PG-13
c00571,sci-fi,4178,2007,G
c00572,comedy,1890,1993,PG
c00573,drama,2799,2015,G
c00574,sci-fi,2732,2017,G
c00575,thriller,2355,1995,G
c00576,documentary,4102,2000,PG-13
c00577,documentary,3147,2007,G
c00578,drama,1983,2012,G
c00579,comedy,3566,1985,G
c00580,drama,4091,2020,R
c00581,documentary,3172,1994,PG
c00582,thriller,3076,2023,PG
c00583,documentary,3868,1982,PG
c00584,sci-fi,1984,2022,PG
c00585,documentary,1596,2014,PG-13
c00586,documentary,2281,1993,PG-13
c00587,sci-fi,2703,1981,G
c00588,comedy,3233,2008,PG-13
c00589,documentary,2814,1983,PG
c00590,drama,1659,2005,R
c00591,documentary,3308,1991,G
c00592,drama,3616,1981,G
c00593,sci-fi,3966,1996,PG
c00594,documentary,1745,2014,PG
c00595,sci-fi,3743,1989,PG
c00596,sci-fi,1696,2001,PG-13
c00597,comedy,1704,2020,G
c00598,documentary,2292,2022,PG
c00599,drama,3408,2000,R
c00600,drama,2837,1994,G
c00601,documentary,1917,2014,G
c00602,comedy,2792,2000,PG-13
c00603,comedy,2608,2000,G
c00604,comedy,1468,2000,PG
c00605,drama,3146,2023,PG
c00606,sci-fi,2677,2011,R
c00607,comedy,3946,1984,G
c00608,drama,2741,2018,G
c00609,drama,2064,1988,PG-13
c00610,sci-fi,3597,1997,PG
c00611,documentary,1309,2000,R
c00612,documentary,3654,1987,PG
c00613,comedy,1849,2023,G
c00614,comedy,3298,2013,G
c00615,sci-fi,2699,1989,R
c00616,comedy,2310,2020,G
c00617,sci-fi,1795,2003,R
c00618,drama,2178,2019,R
c00619,comedy,1930,2003,PG
c00620,drama,1256,2011,R
c00621,thriller,3985,2012,G
c00622,sci-fi,3443,2017,PG-13
c00623,thriller,2983,2023,PG-13
c00624,comedy,2901,2013,G
c00625,drama,2486,1990,PG-13
c00626,comedy,1311,2010,PG-13
c00627,thriller,4012,1997,R
c00628,comedy,1910,2002,PG-13
c00629,documentary,2401,2001,PG-13
c00630,thriller,2147,2022,PG-13
c00631,comedy,1225,1997,PG
c00632,drama,3657,2019,G
c00633,comedy,1957,2020,R
c00634,drama,3778,2018,PG-13
c00635,documentary,3000,1999,G
c00636,comedy,2755,1992,PG-13
c00637,documentary,3996,2024,PG
c00638,thriller,3041,1980,PG
c00639,drama,3493,1983,PG-13
c00640,thriller,2304,2003,PG-13
c00641,drama,1861,2015,PG-13
c00642,documentary,2108,2015,PG
c00643,sci-fi,3643,2024,PG
c00644,comedy,1721,1981,G
c00645,documentary,3056,2007,R
c00646,drama,2959,2005,R
c00647,drama,4173,2002,PG
c00648,drama,3511,1994,R
c00649,drama,1989,2015,PG-13
c00650,comedy,2497,2006,G
c00651,thriller,2929,1985,PG
c00652,sci-fi,1371,2014,PG
c00653,comedy,1464,2018,R
c00654,drama,3186,2017,PG-13
c00655,comedy,2249,2014,G
c00656,documentary,2692,2015,R
c00657,drama,3085,1989,PG
c00658,sci-fi,1675,2009,PG
c00659,drama,3603,2020,R
c00660,sci-fi,2249,2017,PG-13
c00661,sci-fi,1233,2008,G
c00662,thriller,3511,2022,G
c00663,thriller,2361,2018,G
c00664,comedy,2015,1983,G
c00665,comedy,4122,1984,PG-13
c00666,sci-fi,1953,1983,PG
c00667,drama,1765,2015,PG
c00668,documentary,1661,2024,G
c00669,documentary,2854,1995,G
c00670,drama,3902,2004,G
c00671,drama,1280,1993,R
c00672,thriller,4004,1990,R
c00673,documentary,3137,2008,PG
c00674,sci-fi,2069,2013,PG
c00675,comedy,2630,2001,G
c00676,thriller,2269,1993,R
c00677,documentary,1798,2003,PG-13
c00678,drama,2834,2018,R
c00679,documentary,2006,2005,PG
c00680,sci-fi,3134,2022,R
c00681,thriller,2276,2015,PG
c00682,drama,1903,2018,G
c00683,sci-fi,3723,1995,PG-13
c00684,comedy,3839,2017,G
c00685,thriller,3263,2011,G
c00686,sci-fi,1686,1985,PG-13
c00687,sci-fi,1905,2013,PG-13
c00688,drama,2725,1987,PG-13
c00689,comedy,2364,2009,PG
c00690,sci-fi,1819,2006,G
c00691,thriller,1976,1986,PG
c00692,sci-fi,1646,2006,PG-13
c00693,documentary,3537,2004,PG
c00694,thriller,1408,2020,PG-13
c00695,thriller,2698,1994,R
c00696,sci-fi,3660,2004,PG-13
c00697,drama,3924,2001,G
c00698,thriller,2650,1997,G
c00699,documentary,3077,1991,G
c00700,drama,3911,2002,PG
c00701,drama,3537,2024,G
c00702,drama,2491,2018,PG-13
c00703,thriller,3398,2004,R
c00704,drama,2942,1989,G
c00705,sci-fi,2478,2009,PG
c00706,drama,2600,1989,R
c00707,documentary,2876,2013,G
c00708,comedy,2054,1992,G
c00709,documentary,2581,2008,R
c00710,thriller,3855,2017,G
c00711,drama,3617,2020,PG
c00712,drama,1904,2024,PG-13
c00713,sci-fi,2025,1988,PG-13
c00714,drama,2204,1992,R
c00715,documentary,1576,2016,PG-13
c00716,thriller,2172,1993,G
c00717,comedy,1317,2016,G
c00718,drama,1643,1988,PG
c00719,comedy,1954,1987,PG-13
c00720,drama,1839,2018,R
c00721,thriller,3371,2019,G
c00722,documentary,3905,1982,R
c00723,thriller,2500,2019,G
c00724,comedy,4069,2012,G
c00725,drama,3911,2011,PG
c00726,comedy,3607,1986,PG-13
c00727,documentary,1822,1998,PG
c00728,thriller,2692,2013,PG-13
c00729,comedy,3208,1993,R
c00730,comedy,2851,1998,PG-13
c00731,documentary,2923,2005,R
c00732,drama,3119,1996,G
c00733,comedy,2118,2007,R
c00734,documentary,2373,1998,R
c00735,drama,3699,2006,G
c00736,drama,2385,1998,R
c00737,thriller,1319,2012,R
c00738,documentary,1781,1986,G
c00739,drama,3147,2008,G
c00740,thriller,3346,2022,G
c00741,sci-fi,2390,1984,PG-13
c00742,documentary,2886,2009,G
c00743,sci-fi,3199,2022,G
c00744,drama,3761,1987,R
c00745,documentary,3911,2021,PG
c00746,thriller,1600,1991,PG
c00747,drama,3612,2021,PG-13
c00748,documentary,2549,1992,PG-13
c00749,documentary,3828,2005,PG
c00750,sci-fi,2856,1997,PG
c00751,drama,1820,2021,G
c00752,thriller,4075,1999,R
c00753,thriller,1446,1995,G
c00754,drama,3681,2016,PG-13
c00755,drama,2316,1982,PG
c00756,comedy,3862,2006,PG-13
c00757,sci-fi,4190,1994,G
c00758,drama,1823,2013,PG-13
c00759,drama,3568,2024,PG-13
c00760,comedy,3039,2001,R
c00761,comedy,4103,2019,PG-13
c00762,documentary,3309,2002,G
c00763,thriller,1499,1983,R
c00764,sci-fi,1602,2020,PG-13
c00765,documentary,2871,2002,G
c00766,drama,1452,1988,PG
c00767,comedy,2957,2003,R
c00768,thriller,3725,2000,PG-13
c00769,documentary,2592,2020,PG-13
c00770,thriller,3164,1995,R
c00771,comedy,1359,2004,G
c00772,documentary,1404,2005,PG-13
c00773,documentary,2361,2024,G
c00774,thriller,2591,1988,R
c00775,comedy,2057,1994,PG-13
c00776,drama,1959,2018,PG
c00777,documentary,2790,2012,PG
c00778,drama,3968,1980,PG
c00779,comedy,3315,1984,R
c00780,documentary,1332,1988,PG-13
c00781,documentary,2923,2023,R
c00782,drama,4166,1985,PG-13
c00783,sci-fi,1629,2007,PG
c00784,drama,3555,2024,PG
c00785,drama,3897,2005,G
c00786,sci-fi,2397,2007,R
c00787,comedy,3659,2019,R
c00788,comedy,1296,1994,G
c00789,documentary,2906,1985,PG
c00790,thriller,2377,2006,PG
c00791,thriller,2918,2017,R
c00792,documentary,2465,1983,PG-13
c00793,thriller,2527,1990,PG
c00794,drama,2508,2000,G
c00795,drama,2250,2009,G
c00796,sci-fi,2583,1997,G
c00797,sci-fi,3449,2014,R
c00798,documentary,4009,1982,R
c00799,documentary,4121,1991,R
c00800,documentary,1780,2006,R
c00801,drama,3617,2009,G
c00802,thriller,1732,2000,G
c00803,documentary,2375,2017,R
c00804,documentary,2325,2000,R
c00805,drama,2098,2017,G
c00806,drama,3854,2019,R
c00807,drama,2669,1994,R
c00808,thriller,4120,1997,R
c00809,documentary,2452,2008,R
c00810,comedy,1969,2017,PG
c00811,comedy,2033,2000,R
c00812,documentary,3104,1996,G
c00813,documentary,4185,2020,G
c00814,documentary,3483,1997,G
c00815,documentary,3409,2016,G
c00816,thriller,1753,2017,R
c00817,comedy,4035,1991,PG
c00818,sci-fi,2291,1990,PG-13
c00819,comedy,2396,1999,PG-13
c00820,comedy,2860,1988,PG-13
c00821,drama,1758,1980,PG-13
c00822,documentary,1460,1982,G
c00823,documentary,3464,2000,R
c00824,documentary,3040,2002,R
c00825,drama,2347,1988,PG-13
c00826,thriller,2004,1998,PG-13
c00827,thriller,2385,2024,PG
c00828,sci-fi,3448,1998,PG
c00829,thriller,3649,2002,PG
c00830,thriller,1474,2006,G
c00831,documentary,1405,2006,R
c00832,comedy,2923,2018,G
c00833,thriller,2066,2015,G
c00834,thriller,1292,1991,R
c00835,drama,2265,2006,PG
c00836,sci-fi,3626,2013,R
c00837,drama,2551,2012,PG-13
c00838,documentary,3312,2007,PG
c00839,comedy,1564,2010,R
c00840,sci-fi,2020,2011,G
c00841,drama,2707,1999,R
c00842,thriller,3229,2019,PG
c00843,thriller,3124,2014,PG-13
c00844,sci-fi,3787,2010,G
c00845,thriller,2285,2010,PG-13
c00846,drama,3738,2017,PG-13
c00847,drama,2496,2001,G
c00848,thriller,3476,2024,R
c00849,thriller,2243,2020,R
c00850,documentary,1202,1988,PG-13
c00851,comedy,2953,1988,R
c00852,sci-fi,2110,1994,PG
c00853,drama,1506,1992,PG-13
c00854,sci-fi,3679,2001,PG-13
c00855,documentary,1335,1995,PG-13
c00856,drama,3132,2011,PG
c00857,documentary,3762,1981,PG-13
c00858,documentary,3440,2005,R
c00859,thriller,2808,1993,R
c00860,sci-fi,2638,2017,R
c00861,sci-fi,2072,2013,R
c00862,thriller,2341,1987,PG-13
c00863,sci-fi,1865,2015,PG
c00864,thriller,1408,2000,G
c00865,drama,2151,2022,R
c00866,documentary,2257,2007,G
c00867,documentary,1848,2023,G
c00868,sci-fi,2541,1985,PG-13
c00869,comedy,3367,1999,R
c00870,documentary,1826,2010,R
c00871,thriller,1724,2012,R
c00872,comedy,2804,2023,G
c00873,comedy,3068,1986,R
c00874,documentary,1968,1987,R
c00875,documentary,3759,1988,PG
c00876,documentary,3294,1981,PG-13
c00877,thriller,1971,1996,R
c00878,comedy,1939,2024,R
c00879,sci-fi,1721,2016,PG-13
c00880,thriller,2600,2021,PG-13
c00881,drama,3381,2023,G
c00882,documentary,1447,1996,G
c00883,comedy,2541,2017,G
c00884,thriller,3683,2014,PG-13
c00885,drama,3058,2018,PG
c00886,thriller,1885,2009,R
c00887,thriller,1785,1985,PG-13
c00888,sci-fi,3598,1983,PG
c00889,sci-fi,1342,2016,PG-13
c00890,thriller,2166,2014,PG
c00891,drama,4051,1988,PG-13
c00892,comedy,1917,1985,PG-13
c00893,comedy,1842,1992,PG
c00894,documentary,3748,2001,PG
c00895,documentary,1569,2007,PG
c00896,comedy,2309,2009,PG
c00897,thriller,1986,2015,PG
c00898,thriller,3986,1981,PG
c00899,sci-fi,2683,2015,PG
c00900,sci-fi,2149,1987,PG
c00901,documentary,2548,2024,PG-13
c00902,comedy,1721,2021,PG
c00903,thriller,3736,1988,PG
c00904,comedy,3152,1980,PG-13
c00905,drama,3644,1992,PG-13
c00906,comedy,4143,1994,G
c00907,drama,1554,2011,G
c00908,sci-fi,2146,2013,PG
c00909,sci-fi,3535,2022,PG
c00910,documentary,2682,2010,G
c00911,comedy,2847,1993,G
c00912,comedy,1735,1993,R
c00913,drama,2514,2008,R
c00914,sci-fi,4098,1998,PG
c00915,drama,4085,2006,R
c00916,sci-fi,3415,1988,G
c00917,drama,2149,2016,PG
c00918,sci-fi,1820,2016,PG-13
c00919,drama,1627,2022,PG-13
c00920,sci-fi,2925,2007,G
c00921,drama,3737,2003,R
c00922,comedy,3602,2007,PG-13
c00923,documentary,3443,2015,R
c00924,drama,1744,1997,PG-13
c00925,documentary,3964,2004,R
c00926,comedy,2023,2014,PG-13
c00927,comedy,4179,1983,PG-13
c00928,sci-fi,2202,1993,PG
c00929,documentary,1858,2018,PG
c00930,thriller,4186,2005,G
c00931,sci-fi,4027,1987,PG-13
c00932,documentary,3258,2003,R
c00933,drama,3643,1995,PG-13
c00934,drama,1930,1999,R
c00935,comedy,3032,1994,R
c00936,thriller,1608,1986,PG-13
c00937,drama,3609,1996,R
c00938,documentary,1283,2001,G
c00939,documentary,3403,2001,PG
c00940,drama,1906,1991,R
c00941,documentary,3161,1997,PG-13
c00942,documentary,3719,1994,PG
c00943,comedy,3866,2016,G
c00944,thriller,2647,1995,R
c00945,comedy,1333,1984,R
c00946,thriller,1987,1981,PG
c00947,documentary,4154,2007,R
c00948,thriller,2063,2020,PG-13
c00949,documentary,1866,2006,PG
c00950,documentary,1476,2010,PG
c00951,comedy,2975,2020,R
c00952,comedy,2081,2015,G
c00953,sci-fi,3260,2022,G
c00954,drama,3589,1980,G
c00955,sci-fi,3282,2008,G
c00956,sci-fi,3806,1980,PG
c00957,thriller,2437,1987,PG
c00958,documentary,3652,1995,R
c00959,documentary,3905,2007,G
c00960,documentary,1358,2001,G
c00961,drama,2333,1997,R
c00962,thriller,3796,2001,R
c00963,thriller,3051,2020,R
c00964,documentary,1478,1991,PG-13
c00965,sci-fi,3726,1998,R
c00966,drama,1310,2004,R
c00967,sci-fi,3678,1984,PG-13
c00968,comedy,1741,2013,G
c00969,thriller,2338,2018,PG
c00970,thriller,1559,1989,G
c00971,sci-fi,3619,1986,PG
c00972,drama,2438,2016,PG
c00973,thriller,2956,1994,R
c00974,sci-fi,2154,2021,R
c00975,drama,3506,2003,PG-13
c00976,sci-fi,4025,2005,G
c00977,drama,3367,2005,G
c00978,documentary,2175,2005,PG
c00979,drama,2112,1989,R
c00980,comedy,2351,1996,R
c00981,documentary,1922,1993,G
c00982,sci-fi,3770,1981,PG-13
c00983,documentary,2911,1992,R
c00984,documentary,1524,2006,PG-13
c00985,sci-fi,2729,1988,G
c00986,sci-fi,2749,1986,G
c00987,comedy,2273,1989,PG-13
c00988,sci-fi,3145,1988,R
c00989,thriller,2807,2001,G
c00990,thriller,3316,2002,PG
c00991,comedy,1590,1986,G
c00992,drama,3630,1988,R
c00993,drama,1215,2006,PG
c00994,thriller,2045,2003,G
c00995,sci-fi,2068,2008,R
c00996,comedy,1767,1996,R
c00997,drama,3379,1999,G
c00998,drama,3219,1986,R
c00999,documentary,3520,2022,PG-13
c01000,thriller,2846,2019,PG
c01001,sci-fi,3731,1986,PG-13
c01002,comedy,3797,2007,G
c01003,drama,1556,1998,PG-13
c01004,documentary,2856,1999,G
c01005,thriller,3480,2023,G
c01006,thriller,1235,2018,R
c01007,comedy,3660,2019,R
c01008,drama,2227,1986,G
c01009,comedy,3291,1985,PG
c01010,comedy,3815,2004,PG
c01011,documentary,3987,2020,PG
c01012,thriller,1313,1992,PG-13
c01013,sci-fi,2972,2018,G
c01014,thriller,3644,2019,R
c01015,thriller,2397,2001,PG-13
c01016,documentary,2478,1996,PG-13
c01017,sci-fi,1665,2001,R
c01018,drama,2687,2013,G
c01019,sci-fi,2046,1987,PG-13
c01020,drama,1701,2024,G
c01021,sci-fi,1640,1997,G
c01022,comedy,3316,2003,G
c01023,sci-fi,1525,2021,R
c01024,documentary,2965,1981,G
c01025,drama,1266,1981,PG-13
c01026,thriller,1503,2006,R
c01027,documentary,2171,1993,R
c01028,drama,1683,2018,PG-13
c01029,drama,2128,1991,R
c01030,thriller,2640,2011,PG-13
c01031,comedy,1348,2007,PG
c01032,documentary,3831,2007,PG-13
c01033,thriller,3495,2004,R
c01034,thriller,2324,1983,PG-13
c01035,comedy,3949,2005,PG
c01036,documentary,1295,2015,G
c01037,thriller,1481,1982,G
c01038,comedy,3569,1980,G
c01039,documentary,1728,1996,R
c01040,sci-fi,3510,1986,PG
c01041,drama,2842,1984,PG-13
c01042,comedy,1779,1998,PG-13
c01043,drama,2863,2018,PG-13
c01044,sci-fi,3541,2013,PG-13
c01045,thriller,2831,2014,R
c01046,thriller,3642,1995,R
c01047,documentary,3760,2019,PG
c01048,comedy,4168,2018,PG-13
c01049,comedy,2009,2006,G
c01050,documentary,4167,2020,R
c01051,drama,1892,2017,PG
c01052,thriller,1434,2004,PG
c01053,thriller,2151,2005,R
c01054,comedy,3054,1993,G
c01055,comedy,2560,1993,G
c01056,documentary,2231,1993,PG-13
c01057,sci-fi,2666,2004,R
c01058,drama,3164,2015,G
c01059,sci-fi,1738,1983,R
c01060,sci-fi,2019,1994,PG
c01061,comedy,2881,2011,PG
c01062,comedy,1471,1997,PG
c01063,comedy,2228,1993,R
c01064,sci-fi,3122,1980,PG-13
c01065,drama,2442,2021,PG-13
c01066,comedy,2341,1999,G
c01067,thriller,1792,1989,R
c01068,drama,2805,1989,PG-13
c01069,thriller,1314,2003,R
c01070,drama,3510,2013,PG-13
c01071,comedy,2877,2007,PG
c01072,documentary,2645,2006,PG
c01073,comedy,1406,2019,G
c01074,sci-fi,3550,1980,PG
c01075,sci-fi,1311,2012,PG-13
c01076,drama,2640,1983,G
c01077,sci-fi,3082,1986,G
c01078,comedy,1384,1988,PG
c01079,thriller,2964,1995,R
c01080,comedy,2100,1984,PG
c01081,drama,1420,2013,PG
c01082,sci-fi,2667,2002,G
c01083,thriller,2293,2022,PG
c01084,documentary,4145,2004,PG-13
c01085,thriller,3869,1992,G
c01086,thriller,3674,2003,PG
c01087,comedy,3891,1990,R
c01088,documentary,3815,1996,PG-13
c01089,drama,3212,2016,R
c01090,drama,3690,1992,PG-13
c01091,thriller,1800,2006,R
c01092,thriller,2360,1999,PG
c01093,sci-fi,1703,2012,PG-13
c01094,documentary,3378,2021,G
c01095,thriller,1417,2011,G
c01096,sci-fi,3935,1987,R
c01097,documentary,3418,2008,R
c01098,drama,2698,2019,R
c01099,sci-fi,1811,1998,PG-13
c01100,documentary,2352,1985,G
c01101,sci-fi,1256,2023,PG
c01102,thriller,2404,2018,PG-13
c01103,comedy,1445,2020,R
c01104,drama,1343,2000,G
c01105,thriller,1567,2001,R
c01106,thriller,2682,2021,PG
c01107,documentary,3465,1989,PG
c01108,sci-fi,1815,1989,G
c01109,drama,3081,2008,PG-13
c01110,thriller,2788,1995,PG
c01111,documentary,3689,1980,PG
c01112,drama,4088,1996,PG
c01113,sci-fi,1898,2009,PG
c01114,thriller,2075,2005,R
c01115,thriller,2885,1998,R
c01116,thriller,4023,2000,PG-13
c01117,drama,4009,1996,G
c01118,drama,2144,2019,G
c01119,drama,2122,2000,G
c01120,drama,4182,2020,PG
c01121,documentary,2946,2019,R
c01122,comedy,1224,2024,R
c01123,documentary,4053,1998,PG-13
c01124,thriller,2887,1986,G
c01125,documentary,2759,1996,R
c01126,sci-fi,4011,1980,PG-13
c01127,drama,2283,2016,G
c01128,sci-fi,1633,1985,PG
c01129,sci-fi,4126,2005,R
c01130,thriller,2289,1981,R
c01131,drama,4157,2011,G
c01132,sci-fi,3812,1984,PG
c01133,thriller,3151,2016,PG
c01134,drama,3353,2010,R
c01135,comedy,1295,1991,G
c01136,thriller,1367,2014,PG-13
c01137,documentary,3289,2009,R
c01138,drama,3102,1985,PG
c01139,sci-fi,3351,1994,PG-13
c01140,sci-fi,3068,1994,G
c01141,documentary,3767,1995,PG
c01142,documentary,3198,1999,PG-13
c01143,sci-fi,3529,1992,R
c01144,drama,4194,2023,PG
c01145,thriller,2333,2021,G
c01146,documentary,3210,2010,PG
c01147,documentary,1948,2013,R
c01148,documentary,3091,2008,G
c01149,comedy,2030,1982,R
c01150,drama,1248,1988,PG-13
c01151,drama,1314,1990,PG
c01152,drama,2378,1990,R
c01153,drama,2872,2004,PG-13
c01154,drama,3750,2001,G
c01155,sci-fi,1270,2021,G
c01156,documentary,2559,1988,PG-13
c01157,sci-fi,1266,1999,PG-13
c01158,comedy,2716,2000,G
c01159,thriller,2873,1989,R
c01160,documentary,2977,2001,PG-13
c01161,comedy,2166,2008,R
c01162,sci-fi,3428,1988,G
c01163,thriller,2989,1984,R
c01164,comedy,1812,2019,R
c01165,thriller,3086,1990,PG-13
c01166,comedy,2822,1980,R
c01167,sci-fi,1896,2021,R
c01168,thriller,3850,1980,R
c01169,comedy,3495,2018,G
c01170,sci-fi,2437,1984,G
c01171,documentary,3606,2001,PG
c01172,sci-fi,1448,2005,G
c01173,sci-fi,1837,1985,G
c01174,documentary,2149,2011,PG
c01175,sci-fi,3104,1990,PG
c01176,documentary,2311,1989,PG-13
c01177,documentary,3910,2018,PG-13
c01178,documentary,1375,2013,G
c01179,comedy,1922,2010,R
c01180,thriller,3673,1991,PG-13
c01181,comedy,1970,2023,PG-13
c01182,documentary,3147,1995,G
c01183,thriller,1902,2017,R
c01184,thriller,3328,1982,PG
c01185,documentary,2126,1981,PG
c01186,thriller,1337,1984,G
c01187,thriller,3717,1990,G
c01188,comedy,3597,2004,R
c01189,thriller,2349,2014,G
c01190,documentary,3140,2014,G
c01191,drama,3091,2001,G
c01192,drama,3078,2016,R
c01193,drama,2453,2001,G
c01194,documentary,2683,1990,PG-13
c01195,drama,2568,2011,R
c01196,comedy,1509,2014,PG-13
c01197,documentary,2243,2010,R
c01198,documentary,2870,2024,PG-13
c01199,documentary,2764,1987,R
c01200,thriller,2783,1999,PG
c01201,thriller,2700,2021,G
c01202,thriller,3516,2013,G
c01203,sci-fi,1969,1983,R
c01204,comedy,1215,1997,PG-13
c01205,documentary,1805,1983,PG
c01206,documentary,2581,1999,PG-13
c01207,thriller,2012,1988,G
c01208,documentary,3190,1995,G
c01209,documentary,3729,2005,PG-13
c01210,drama,2094,2017,R
c01211,documentary,2767,2004,R
c01212,sci-fi,3516,1983,PG-13
c01213,thriller,1613,2020,G
c01214,comedy,1224,2024,PG-13
c01215,comedy,3204,2020,G
c01216,drama,1515,2017,PG-13
c01217,comedy,1770,1998,R
c01218,comedy,1924,1993,PG
c01219,thriller,3049,2000,G
c01220,thriller,2499,1994,PG
c01221,sci-fi,3153,1982,R
c01222,drama,1588,2016,PG-13
c01223,comedy,3969,1995,R
c01224,sci-fi,1643,1993,PG
c01225,drama,3944,1988,R
c01226,comedy,2170,1986,R
c01227,comedy,3968,1993,PG-13
c01228,thriller,3615,1985,PG
c01229,documentary,3164,2000,PG
c01230,drama,3589,1994,PG
c01231,comedy,3028,1987,G
c01232,drama,1503,2013,R
c01233,sci-fi,1963,2019,PG
c01234,sci-fi,3173,1980,R
c01235,documentary,2015,2011,PG-13
c01236,comedy,3359,1984,PG-13
c01237,thriller,2077,2009,G
c01238,comedy,4177,2001,G
c01239,drama,1902,1999,PG-13
c01240,sci-fi,4093,1995,PG
c01241,drama,2143,1986,PG-13
c01242,documentary,3526,1986,R
c01243,sci-fi,3629,1981,G
c01244,thriller,3260,1993,G
c01245,sci-fi,1502,2010,PG-13
c01246,comedy,2779,2020,PG
c01247,comedy,1359,1993,PG
c01248,sci-fi,3401,1984,R
c01249,documentary,4001,1990,G
c01250,comedy,3428,2019,PG-13
c01251,comedy,2403,1984,PG-13
c01252,thriller,3624,2008,G
c01253,sci-fi,4023,1990,PG-13
c01254,comedy,2391,1984,G
c01255,documentary,2373,2011,PG
c01256,drama,3263,2015,PG
c01257,sci-fi,2314,1994,PG-13
c01258,thriller,2343,1998,PG
c01259,comedy,3179,2001,PG
c01260,documentary,1452,2013,R
c01261,sci-fi,2632,1996,G
c01262,documentary,3278,1991,G
c01263,documentary,1930,2004,PG-13
c01264,thriller,3536,1996,G
c01265,sci-fi,1697,1989,R
c01266,comedy,2628,2007,PG-13
c01267,thriller,1747,1997,PG-13
c01268,comedy,2160,1997,G
c01269,drama,1331,2024,PG
c01270,documentary,2547,2011,PG
c01271,drama,2057,1993,PG
c01272,documentary,2355,1995,PG
c01273,thriller,3232,1997,R
c01274,comedy,1720,1995,PG-13
c01275,comedy,1229,1996,PG
c01276,thriller,3874,1986,R
c01277,sci-fi,3251,1991,PG-13
c01278,drama,1708,2013,G
c01279,drama,2460,1989,G
c01280,comedy,2758,1984,R
c01281,comedy,1215,2000,PG-13
c01282,comedy,2196,1982,PG
c01283,thriller,2807,1998,PG-13
c01284,sci-fi,3039,2024,PG
c01285,drama,3216,2023,R
c01286,documentary,2453,2014,PG
c01287,thriller,2943,1985,R
c01288,drama,3510,1993,PG-13
c01289,sci-fi,2288,1983,PG-13
c01290,thriller,3512,2024,PG
c01291,drama,2561,1997,PG-13
c01292,thriller,1577,2008,PG
c01293,drama,2398,2014,PG-13
c01294,drama,1675,2017,G
c01295,sci-fi,2489,1995,PG
c01296,documentary,1528,1999,R
c01297,sci-fi,3039,2003,G
c01298,drama,2386,2014,R
c01299,thriller,1637,2023,PG-13
c01300,sci-fi,2590,1998,G
c01301,documentary,2973,1983,PG-13
c01302,drama,2422,2012,PG
c01303,sci-fi,2723,1981,R
c01304,sci-fi,3263,1992,PG-13
c01305,sci-fi,3044,2024,R
c01306,sci-fi,2519,2009,R
c01307,thriller,2067,2013,PG-13
c01308,documentary,3758,2009,PG
c01309,documentary,3011,2003,R
c01310,drama,2183,2023,PG-13
c01311,comedy,2462,2012,PG
c01312,thriller,3828,2020,PG-13
c01313,drama,2524,1989,PG
c01314,drama,3253,1997,R
c01315,sci-fi,2218,1998,G
c01316,comedy,2989,1986,PG-13
c01317,comedy,2006,1998,R
c01318,thriller,3093,2003,PG-13
c01319,comedy,2609,1994,PG-13
c01320,drama,3866,2020,PG
c01321,comedy,2518,2021,PG-13
c01322,comedy,2341,2002,PG
c01323,documentary,1604,1983,R
c01324,drama,2986,2017,PG-13
c01325,comedy,1793,1983,R
c01326,comedy,3813,1984,G
c01327,sci-fi,3999,2020,R
c01328,comedy,1211,2023,PG-13
c01329,comedy,3412,2002,G
c01330,documentary,4125,2019,PG
c01331,drama,2517,2016,G
c01332,thriller,2742,1990,PG-13
c01333,drama,3325,1990,PG-13
c01334,sci-fi,1813,1992,R
c01335,drama,3186,1993,PG
c01336,comedy,2068,1987,PG-13
c01337,sci-fi,2011,2004,PG-13
c01338,drama,3022,1997,PG
c01339,sci-fi,1966,2023,PG
c01340,thriller,1281,2023,R
c01341,drama,2944,1997,G
c01342,comedy,3456,1989,PG
c01343,sci-fi,1721,1986,PG-13
c01344,documentary,2527,2023,PG
c01345,sci-fi,2193,1993,PG-13
c01346,documentary,3712,1994,R
c01347,comedy,2725,1995,G
c01348,thriller,2669,1981,R
c01349,documentary,3875,2009,PG
c01350,thriller,2713,2009,PG-13
c01351,sci-fi,1980,1997,PG
c01352,comedy,2651,2010,PG
c01353,documentary,1758,2023,PG
c01354,sci-fi,3338,1992,PG
c01355,drama,3237,1999,G
c01356,sci-fi,2953,2014,PG-13
c01357,thriller,2059,2002,PG
c01358,comedy,2812,2021,PG-13
c01359,comedy,1755,2012,G
c01360,sci-fi,1355,2017,PG-13
c01361,drama,3249,2014,PG-13
c01362,thriller,2580,2015,G
c01363,sci-fi,2024,1999,PG
c01364,sci-fi,2792,1982,PG-13
c01365,comedy,4049,1987,R
c01366,thriller,2281,2019,PG-13
c01367,drama,2403,2011,PG
c01368,comedy,1692,2008,R
c01369,sci-fi,1868,1986,PG
c01370,comedy,1274,1981,PG-13
c01371,comedy,4191,2000,G
c01372,documentary,1570,1985,PG
c01373,comedy,1786,2007,PG
c01374,comedy,1528,2021,G
c01375,thriller,1789,2015,PG-13
c01376,comedy,2990,2011,PG
c01377,drama,1976,2024,PG-13
c01378,sci-fi,3222,2021,PG-13
c01379,thriller,3551,1988,PG-13
c01380,comedy,1778,1990,G
c01381,drama,1420,2002,PG-13
c01382,sci-fi,2387,1990,PG-13
c01383,thriller,2703,1981,R
c01384,drama,3622,1982,R
c01385,comedy,2907,1990,R
c01386,documentary,2945,2014,PG
c01387,documentary,1387,1994,PG
c01388,thriller,2414,2022,R
c01389,drama,2309,1990,G
c01390,sci-fi,3721,2010,G
c01391,drama,2043,2007,R
c01392,documentary,1730,2007,PG
c01393,thriller,2270,2011,PG
c01394,comedy,2162,2004,G
c01395,drama,3722,1999,PG-13
c01396,documentary,2369,2007,G
c01397,sci-fi,4193,2004,PG-13
c01398,thriller,2605,1990,PG
c01399,comedy,1716,1998,PG
c01400,drama,3088,2007,R
c01401,sci-fi,3673,1980,PG
c01402,comedy,2691,1984,PG-13
c01403,documentary,2317,1989,G
c01404,documentary,1332,2021,R
c01405,sci-fi,1513,2013,PG-13
c01406,documentary,1790,2015,G
c01407,thriller,2743,1981,G
c01408,sci-fi,3406,1997,G
c01409,documentary,3908,1992,PG
c01410,drama,3085,1984,G
c01411,documentary,2826,1999,PG
c01412,thriller,1947,1981,G
c01413,comedy,2697,1990,G
c01414,comedy,2000,2009,PG
c01415,documentary,3657,2011,PG
c01416,comedy,2697,2011,PG-13
c01417,documentary,2579,2017,G
c01418,thriller,1879,2007,PG
c01419,comedy,3361,1989,PG-13
c01420,drama,2096,2001,PG-13
c01421,documentary,2746,1996,PG
c01422,comedy,2993,2001,G
c01423,thriller,3312,2022,PG-13
c01424,thriller,1883,1998,G
c01425,drama,2495,1996,G
c01426,thriller,2885,2003,PG-13
c01427,thriller,2585,2015,PG
c01428,comedy,3393,2011,G
c01429,documentary,2142,2015,R
c01430,sci-fi,2509,2007,PG
c01431,thriller,2233,1993,PG-13
c01432,thriller,3986,2015,R
c01433,sci-fi,3433,1985,G
c01434,thriller,2820,1988,PG
c01435,comedy,4082,2000,R
c01436,comedy,2008,1991,PG
c01437,sci-fi,1370,2009,G
c01438,thriller,3460,2010,PG
c01439,thriller,2753,2019,R
c01440,documentary,2795,1983,PG
c01441,thriller,2823,2010,PG-13
c01442,comedy,1226,2006,PG-13
c01443,drama,2213,2004,R
c01444,drama,2291,1984,PG
c01445,drama,4037,1985,R
c01446,drama,1607,1984,PG
c01447,thriller,2332,2006,G
c01448,thriller,1273,1987,PG-13
c01449,documentary,3825,1988,G
c01450,thriller,1879,1994,PG
c01451,drama,2591,2015,G
c01452,sci-fi,4033,2020,R
c01453,sci-fi,2048,1986,R
c01454,comedy,2069,2011,PG
c01455,comedy,1436,1987,PG-13
c01456,thriller,3974,1994,R
c01457,sci-fi,3625,2016,PG-13
c01458,drama,3908,1998,PG
c01459,drama,4077,2018,PG-13
c01460,drama,2105,1985,PG
c01461,thriller,3623,1998,G
c01462,thriller,1818,2007,PG
c01463,documentary,3900,1996,G
c01464,drama,2232,2021,PG
c01465,drama,3443,1998,R
c01466,thriller,4054,2010,R
c01467,thriller,4140,1990,PG-13
c01468,documentary,2513,1994,PG
c01469,documentary,4184,1989,PG
c01470,comedy,2046,2022,PG
c01471,sci-fi,4065,2002,PG-13
c01472,drama,3123,1982,R
c01473,drama,3811,1982,PG
c01474,documentary,1833,1997,PG-13
c01475,documentary,3926,2004,PG
c01476,comedy,2217,2022,G
c01477,sci-fi,1207,1999,PG
c01478,comedy,2592,2008,G
c01479,sci-fi,2268,2001,PG-13
c01480,drama,3591,1994,PG-13
c01481,comedy,2980,2018,R
c01482,documentary,4043,1989,PG
c01483,comedy,2842,2000,PG-13
c01484,comedy,2416,2008,R
c01485,drama,2048,2011,PG
c01486,documentary,2580,1989,PG-13
c01487,documentary,1261,1992,G
c01488,thriller,2285,2002,PG-13
c01489,thriller,3669,2002,G
c01490,thriller,3017,2010,R
c01491,drama,1832,1983,R
c01492,comedy,1991,1982,PG
c01493,documentary,3798,2000,PG
c01494,documentary,2500,1981,PG
c01495,comedy,3853,1983,R
c01496,documentary,2654,1980,G
c01497,comedy,2338,1994,PG
c01498,drama,2911,2012,PG
c01499,drama,1724,1985,R
c01500,drama,3220,1986,G
c01501,comedy,2098,1998,PG-13
c01502,comedy,3410,2023,PG
c01503,sci-fi,1986,1980,PG-13
c01504,documentary,4157,2018,PG-13
c01505,documentary,2560,1998,PG
c01506,sci-fi,3626,2024,R
c01507,sci-fi,1372,2005,PG
c01508,drama,2199,2023,G
c01509,sci-fi,3010,1991,G
c01510,comedy,1263,2001,PG
c01511,thriller,2545,1992,PG-13
c01512,comedy,2174,2007,G
c01513,sci-fi,1265,1993,G
c01514,documentary,3066,2001,PG
c01515,comedy,2822,2009,PG
c01516,documentary,1657,2023,R
c01517,comedy,2802,1999,PG
c01518,documentary,3700,2023,PG
c01519,comedy,3157,2006,G
c01520,documentary,2940,2017,G
c01521,thriller,2649,2021,G
c01522,drama,3159,2020,PG-13
c01523,comedy,3425,2013,G
c01524,thriller,3154,2018,G
c01525,drama,1479,2020,PG
c01526,comedy,3591,2023,R
c01527,thriller,2240,2016,G
c01528,thriller,3543,1980,R
c01529,thriller,3449,1994,G
c01530,sci-fi,2161,2011,G
c01531,documentary,3931,1987,R
c01532,drama,3142,2012,PG
c01533,documentary,2417,1997,G
c01534,documentary,1574,2024,R
c01535,documentary,3111,2008,G
c01536,thriller,1234,2011,PG-13
c01537,documentary,2592,2012,PG-13
c01538,sci-fi,3276,1984,PG-13
c01539,comedy,1974,1997,PG-13
c01540,thriller,1420,1989,PG
c01541,drama,3300,2015,PG-13
c01542,comedy,4038,2012,R
c01543,comedy,3323,2002,G
c01544,comedy,1693,2019,R
c01545,documentary,2911,1984,PG-13
c01546,documentary,3364,2013,PG
c01547,thriller,1479,2003,PG-13
c01548,documentary,1945,1996,PG-13
c01549,documentary,4196,2010,PG
c01550,documentary,4011,1986,PG
c01551,thriller,3542,1996,PG
c01552,thriller,2674,2007,PG
c01553,sci-fi,3057,2017,PG
c01554,sci-fi,2741,2001,PG
c01555,sci-fi,2296,1994,G
c01556,sci-fi,4089,2016,PG-13
c01557,comedy,2259,1994,PG-13
c01558,comedy,3122,2004,PG
c01559,sci-fi,3205,2000,R
c01560,sci-fi,1696,2017,PG
c01561,drama,3453,1981,G
c01562,comedy,3673,2006,R
c01563,drama,1243,2011,G
c01564,drama,3051,2000,R
c01565,documentary,3852,1983,R
c01566,thriller,1653,2023,PG
c01567,comedy,1794,1998,G
c01568,sci-fi,2556,1981,R
c01569,sci-fi,1706,2005,G
c01570,thriller,1993,2013,PG
c01571,comedy,1220,1993,PG
c01572,sci-fi,2599,1994,PG
c01573,sci-fi,3867,1999,PG
c01574,documentary,3661,2013,PG-13
c01575,drama,2294,2015,R
c01576,sci-fi,2627,1998,PG-13
c01577,comedy,2785,1988,PG
c01578,thriller,3014,1986,R
c01579,documentary,2620,2009,R
c01580,comedy,1536,1992,G
c01581,documentary,2867,2006,PG
c01582,drama,2109,2023,PG-13
c01583,sci-fi,1475,2014,G
c01584,comedy,2091,1992,R
c01585,thriller,1212,1994,PG-13
c01586,drama,2226,1988,PG
c01587,drama,2173,2024,PG-13
c01588,documentary,1374,2002,PG-13
c01589,drama,2608,2015,PG-13
c01590,comedy,2825,2019,G
c01591,documentary,3143,1982,R
c01592,drama,3488,2013,PG-13
c01593,thriller,1746,1998,R
c01594,comedy,3261,2007,G
c01595,thriller,2418,2002,PG
c01596,thriller,2620,2019,PG
c01597,documentary,2654,2024,PG-13
c01598,sci-fi,3972,1986,G
c01599,documentary,2633,2020,PG
c01600,comedy,1202,1991,G
c01601,comedy,3938,1993,G
c01602,documentary,3042,1994,PG-13
c01603,sci-fi,1946,1982,PG-13
c01604,documentary,4016,1994,G
c01605,comedy,2071,2003,G
c01606,sci-fi,1694,1987,PG-13
c01607,comedy,3664,1984,G
c01608,sci-fi,2614,1983,PG-13
c01609,sci-fi,1827,1993,R
c01610,documentary,2275,1995,G
c01611,documentary,1341,1999,PG-13
c01612,documentary,2687,2003,G
c01613,sci-fi,1245,1985,PG-13
c01614,sci-fi,4091,2010,G
c01615,comedy,3257,1985,PG
c01616,thriller,1863,2014,PG
c01617,documentary,1772,1994,G
c01618,comedy,3229,2008,PG
c01619,comedy,2753,1982,G
c01620,drama,2821,1990,G
c01621,documentary,3896,1982,R
c01622,comedy,2112,2007,R
c01623,drama,1839,1989,PG
c01624,documentary,3863,2012,R
c01625,sci-fi,3945,1995,R
c01626,drama,2108,1989,G
c01627,sci-fi,3425,2012,PG-13
c01628,thriller,2068,2015,G
c01629,thriller,2229,1982,R
c01630,thriller,2052,1984,G
c01631,thriller,1506,1991,PG
c01632,comedy,3795,2023,PG-13
c01633,thriller,3574,1992,R
c01634,comedy,3016,2003,R
c01635,comedy,1594,2023,G
c01636,documentary,3547,2011,G
c01637,comedy,1948,1995,G
c01638,comedy,3532,2011,G
c01639,thriller,1529,2024,R
c01640,comedy,3297,2016,G
c01641,sci-fi,3231,2015,R
c01642,thriller,1972,2000,G
c01643,drama,2845,1991,PG-13
c01644,thriller,2932,2000,PG-13
c01645,comedy,1577,2000,G
c01646,sci-fi,2987,2022,G
c01647,thriller,2823,1985,PG
c01648,sci-fi,2199,1988,PG-13
c01649,drama,3048,1980,R
c01650,drama,2761,1991,PG-13
c01651,documentary,1973,1993,R
c01652,documentary,2283,1985,G
c01653,thriller,4115,1980,PG-13
c01654,documentary,3003,2001,PG-13
c01655,sci-fi,2298,2013,PG
c01656,documentary,3250,1990,PG
c01657,sci-fi,2798,1982,PG-13
c01658,documentary,1947,2021,PG-13
c01659,documentary,2671,1985,PG-13
c01660,documentary,2964,1985,R
c01661,comedy,3522,1999,G
c01662,comedy,2753,2000,PG
c01663,documentary,2815,1981,G
c01664,sci-fi,3462,2005,PG
c01665,thriller,2708,2010,PG
c01666,drama,1528,2005,PG
c01667,comedy,3502,2011,PG-13
c01668,documentary,2610,1989,PG
c01669,drama,1325,2002,G
c01670,comedy,1966,1985,PG
c01671,thriller,2773,2002,G
c01672,sci-fi,2427,2007,PG
c01673,documentary,2395,2009,PG
c01674,thriller,2958,1993,PG-13
c01675,comedy,1416,2016,G
c01676,documentary,2559,2011,PG
c01677,drama,2521,2013,PG
c01678,sci-fi,2031,2020,G
c01679,comedy,1381,2023,PG
c01680,sci-fi,1533,2001,R
c01681,documentary,1710,2010,PG-13
c01682,thriller,1582,1986,G
c01683,sci-fi,3096,2020,PG-13
c01684,drama,1531,2000,R
c01685,comedy,2388,1995,R
c01686,drama,2465,1999,R
c01687,sci-fi,2099,2022,G
c01688,thriller,1841,2023,R
c01689,thriller,2450,1998,G
c01690,drama,1833,2011,G
c01691,documentary,3698,1994,PG
c01692,documentary,1395,1984,G
c01693,thriller,3093,1990,R
c01694,drama,1657,1994,G
c01695,drama,2029,2008,G
c01696,drama,3504,2024,PG-13
c01697,sci-fi,3256,1983,R
c01698,documentary,4008,2015,G
c01699,documentary,4196,2002,PG
c01700,sci-fi,2424,1994,G
c01701,comedy,2086,2023,G
c01702,sci-fi,1592,1982,PG-13
c01703,drama,2875,2011,R
c01704,sci-fi,3646,1989,R
c01705,drama,3578,2019,PG
c01706,thriller,3727,2017,PG
c01707,drama,3381,2001,PG
c01708,documentary,2115,1993,G
c01709,sci-fi,2134,1996,G
c01710,drama,1554,2000,PG
c01711,comedy,3831,1994,R
c01712,thriller,2721,1994,R
c01713,comedy,3872,1980,PG
c01714,comedy,3537,2003,PG-13
c01715,comedy,4072,1991,R
c01716,thriller,1828,1989,R
c01717,thriller,3879,2021,PG
c01718,thriller,2370,2021,R
c01719,thriller,1526,2010,G
c01720,comedy,2638,1990,G
c01721,documentary,3457,1995,R
c01722,documentary,2621,1988,G
c01723,thriller,2326,1993,PG-13
c01724,sci-fi,3883,1998,R
c01725,drama,2980,2010,PG
c01726,sci-fi,2731,1988,G
c01727,sci-fi,3114,2015,PG-13
c01728,sci-fi,4115,2018,PG-13
c01729,documentary,2432,2005,G
c01730,drama,3156,1987,PG-13
c01731,sci-fi,3675,2003,R
c01732,thriller,1592,1987,PG-13
c01733,documentary,2025,1998,G
c01734,thriller,4163,2009,PG-13
c01735,thriller,3112,2001,G
c01736,sci-fi,3595,1988,G
c01737,thriller,1249,2023,PG-13
c01738,drama,4163,1983,G
c01739,thriller,2596,2016,G
c01740,sci-fi,2250,1987,PG
c01741,thriller,1999,1980,R
c01742,documentary,2992,2007,G
c01743,documentary,3896,1985,R
c01744,documentary,2563,2015,PG
c01745,comedy,3548,1990,PG
c01746,documentary,2765,1984,PG
c01747,documentary,3413,2003,PG
c01748,comedy,3563,1997,R
c01749,documentary,1200,1999,PG-13
c01750,sci-fi,2219,2007,PG-13
c01751,documentary,2484,1992,R
c01752,documentary,1262,1984,G
c01753,comedy,3730,2009,R
c01754,sci-fi,3069,1980,G
c01755,thriller,3469,2001,G
c01756,drama,1351,1997,PG-13
c01757,sci-fi,1843,1984,PG
c01758,thriller,1825,2010,PG-13
c01759,sci-fi,1416,1985,PG-13
c01760,thriller,1395,2006,R
c01761,thriller,2214,2004,R
c01762,sci-fi,3894,2008,G
c01763,comedy,3955,2007,R
c01764,sci-fi,2721,1995,G
c01765,sci-fi,2778,1991,G
c01766,thriller,2280,1999,PG
c01767,drama,2727,1997,PG
c01768,thriller,1921,2013,PG-13
c01769,documentary,2807,2002,PG
c01770,sci-fi,2959,2024,G
c01771,sci-fi,2762,2006,R
c01772,comedy,1839,1996,PG
c01773,thriller,3353,2000,PG
c01774,comedy,1364,2019,PG
c01775,sci-fi,1414,2010,PG
c01776,thriller,2294,1982,G
c01777,thriller,1289,1996,G
c01778,documentary,2995,2005,PG-13
c01779,documentary,4121,2002,R
c01780,drama,2451,1985,PG-13
c01781,documentary,2302,2007,PG-13
c01782,thriller,1807,1987,PG
c01783,documentary,1548,2024,R
c01784,drama,4141,1987,PG
c01785,sci-fi,1445,1998,G
c01786,documentary,1471,2017,PG-13
c01787,thriller,3230,2008,R
c01788,sci-fi,1602,2002,G
c01789,thriller,2665,2011,PG-13
c01790,sci-fi,2395,1989,R
c01791,thriller,4145,2006,PG-13
c01792,documentary,2279,1980,R
c01793,documentary,2814,2018,PG-13
c01794,drama,2326,2008,PG
c01795,sci-fi,1483,2024,PG-13
c01796,drama,1716,1982,PG-13
c01797,comedy,3865,2016,R
c01798,documentary,2501,2010,R
c01799,sci-fi,1811,1990,PG
c01800,drama,1949,2001,R
c01801,drama,2492,1997,PG-13
c01802,comedy,3056,2014,R
c01803,drama,1599,1985,R
c01804,thriller,2726,1982,R
c01805,documentary,3224,1984,PG
c01806,drama,3333,1988,PG
c01807,drama,1519,2007,G
c01808,comedy,2255,1998,PG
c01809,thriller,1535,2007,PG
c01810,drama,3298,2006,PG
c01811,documentary,1373,1992,PG-13
c01812,documentary,2841,2017,G
c01813,drama,1700,2022,PG-13
c01814,thriller,3323,2000,PG
c01815,documentary,3563,2006,PG
c01816,documentary,3056,1985,G
c01817,thriller,3096,2017,G
c01818,thriller,2863,1990,R
c01819,drama,2918,2020,PG
c01820,sci-fi,2978,1996,PG
c01821,comedy,1896,2018,PG-13
c01822,sci-fi,1931,1986,R
c01823,sci-fi,2294,2009,PG
c01824,documentary,4101,2000,PG-13
c01825,thriller,3913,1980,G
c01826,documentary,1851,2004,PG-13
c01827,comedy,2294,2011,PG
c01828,drama,1245,1987,PG-13
c01829,comedy,2270,1984,PG-13
c01830,documentary,2645,2009,R
c01831,documentary,3396,1987,R
c01832,documentary,4157,1998,G
c01833,documentary,1655,2023,R
c01834,sci-fi,2862,2009,PG-13
c01835,drama,4124,1994,R
c01836,sci-fi,2165,2015,PG
c01837,documentary,3220,2023,PG-13
c01838,thriller,2068,2006,PG-13
c01839,sci-fi,2728,1992,PG-13
c01840,documentary,4176,1993,PG
c01841,documentary,2200,2016,PG-13
c01842,drama,1973,2009,R
c01843,comedy,3491,2018,PG
c01844,sci-fi,3721,1992,PG-13
c01845,sci-fi,3629,1995,R
c01846,sci-fi,2326,2023,R
c01847,documentary,3736,1986,G
c01848,drama,2260,2006,R
c01849,documentary,2877,2024,R
c01850,documentary,2743,2014,G
c01851,thriller,1596,1994,G
c01852,drama,3543,2007,PG
c01853,sci-fi,1306,2014,R
c01854,comedy,4107,1986,PG
c01855,sci-fi,2153,1999,PG
c01856,documentary,3777,2011,PG-13
c01857,drama,3048,2017,PG
c01858,drama,2133,2019,PG
c01859,drama,1487,2011,PG
c01860,thriller,1905,2005,PG
c01861,sci-fi,3243,2018,G
c01862,thriller,2684,1999,R
c01863,comedy,1414,1997,PG-13
c01864,documentary,2504,1994,G
c01865,thriller,3979,2001,PG-13
c01866,thriller,3177,2001,PG-13
c01867,documentary,2682,2000,G
c01868,drama,3024,1981,PG
c01869,documentary,1543,2019,G
c01870,sci-fi,1393,2022,PG-13
c01871,documentary,1357,1997,PG-13
c01872,drama,1664,2002,PG
c01873,documentary,3351,1992,G
c01874,thriller,3281,2020,R
c01875,comedy,3886,1988,PG-13
c01876,thriller,2949,1986,G
c01877,comedy,3572,2020,PG
c01878,documentary,3938,1980,PG
c01879,sci-fi,1791,1981,R
c01880,documentary,3388,1983,PG-13
c01881,drama,3721,1993,R
c01882,documentary,2254,2011,R
c01883,comedy,2083,2015,R
c01884,thriller,1262,1981,R
c01885,sci-fi,2310,2019,PG
c01886,documentary,1503,1993,PG-13
c01887,documentary,2284,1999,R
c01888,thriller,1595,2004,PG-13
c01889,sci-fi,1533,2021,PG
c01890,documentary,4033,1987,PG
c01891,documentary,1610,2007,G
c01892,comedy,3531,2000,G
c01893,comedy,1665,2002,PG-13
c01894,drama,1279,2011,G
c01895,thriller,4031,1987,R
c01896,sci-fi,2300,2010,PG-13
c01897,documentary,3177,2016,PG
c01898,documentary,1932,1995,PG
c01899,drama,3017,2019,R
c01900,documentary,2763,2021,G
c01901,thriller,2584,2006,PG-13
c01902,drama,3324,2019,PG-13
c01903,thriller,3756,2020,R
c01904,drama,2387,1997,G
c01905,documentary,2398,2014,PG-13
c01906,drama,3709,1994,R
c01907,comedy,2811,2006,PG-13
c01908,sci-fi,3492,1996,PG
c01909,documentary,1321,2019,PG-13
c01910,sci-fi,1384,1981,PG-13
c01911,documentary,1231,2010,PG-13
c01912,sci-fi,2197,2016,G
c01913,comedy,3186,2020,G
c01914,sci-fi,4009,2020,R
c01915,drama,1768,2013,G
c01916,sci-fi,3557,2013,PG-13
c01917,documentary,2595,1982,PG-13
c01918,thriller,2879,1996,G
c01919,sci-fi,2029,1993,G
c01920,sci-fi,2819,1993,PG-13
c01921,sci-fi,2279,2017,PG-13
c01922,documentary,1990,2014,PG
c01923,sci-fi,3711,1980,R
c01924,documentary,3925,2008,G
c01925,documentary,3917,1983,R
c01926,thriller,3945,2012,PG-13
c01927,drama,2193,1996,R
c01928,documentary,1277,2007,G
c01929,comedy,3781,2005,G
c01930,sci-fi,1307,1987,R
c01931,comedy,2496,2013,G
c01932,sci-fi,4011,1997,PG
c01933,thriller,3262,2010,PG-13
c01934,documentary,1569,2006,PG-13
c01935,drama,3452,1995,G
c01936,documentary,3204,1989,PG-13
c01937,sci-fi,2903,2019,PG
c01938,drama,4112,1991,G
c01939,documentary,1640,2001,PG
c01940,drama,4106,1995,PG
c01941,sci-fi,1426,1991,PG-13
c01942,thriller,3775,1990,PG-13
c01943,thriller,3601,1999,R
c01944,documentary,1822,1980,PG
c01945,comedy,2224,2006,PG-13
c01946,sci-fi,2776,1982,PG
c01947,documentary,4174,1991,R
c01948,documentary,2843,2009,PG
c01949,thriller,2384,1988,G
c01950,drama,1360,2016,R
c01951,sci-fi,2070,1980,R
c01952,drama,2945,2021,PG
c01953,sci-fi,2374,1983,PG
c01954,comedy,1643,1994,PG-13
c01955,thriller,2990,2006,G
c01956,comedy,2694,1987,R
c01957,documentary,1662,2002,R
c01958,thriller,1672,1994,R
c01959,documentary,3804,2006,PG-13
c01960,comedy,1279,2010,G
c01961,sci-fi,2262,2018,R
c01962,documentary,1439,1987,R
c01963,drama,1756,2009,PG-13
c01964,sci-fi,1789,2021,PG
c01965,sci-fi,2560,1997,R
c01966,comedy,3084,1983,G
c01967,comedy,3175,2022,G
c01968,thriller,2503,2001,G
c01969,thriller,2339,1982,G
c01970,drama,3516,1994,PG-13
c01971,sci-fi,3139,2014,R
c01972,drama,1534,2017,PG-13
c01973,drama,1511,2012,G
c01974,comedy,2276,1993,G
c01975,drama,3941,1980,G
c01976,drama,1233,2005,PG-13
c01977,documentary,3041,1987,G
c01978,thriller,1585,1995,R
c01979,thriller,1448,2017,G
c01980,sci-fi,2334,1989,R
c01981,thriller,2633,2021,R
c01982,sci-fi,2402,2016,G
c01983,documentary,1993,2005,PG-13
c01984,thriller,2051,2007,PG
c01985,documentary,4121,1991,PG
c01986,thriller,1575,1999,R
c01987,thriller,1923,1993,PG-13
c01988,documentary,2810,2014,PG
c01989,drama,3113,2008,G
c01990,drama,1401,1991,G
c01991,drama,3692,1997,R
c01992,drama,3142,2023,PG-13
c01993,thriller,3544,1981,PG-13
c01994,comedy,2531,1981,PG
c01995,documentary,1692,1996,PG
c01996,comedy,1537,1989,G
c01997,comedy,3168,1997,R
c01998,sci-fi,4170,2001,PG-13
c01999,drama,3065,1998,PG
